cur_step,mantis_x,mantis_y,mantis_z,stability_reward,height_reward,walk_reward,total_reward
0,-0.001364836274049885,-0.03706617361867575,0.1259196529251896,2,-4,0.013648362740498849,-1.9863516372595011
200,0.06872334736800433,-0.08064960954636403,1.109912282928771,2,-4,-0.6872334736800433,-2.687233473680043
400,-0.5210735835767267,-0.16363260023797793,0.9171602644794201,2,1,5.2107358357672675,8.210735835767267
600,0.42623922115515434,-0.3156472027907703,0.8038012983308069,1,-4,-4.262392211551544,-7.262392211551544
